,City,Lat,Lng,Max Temp,Humidity,Cloudiness,Wind Speed,Country,Date
0,san vicente,-26.62,-54.13,68.9,81,14,2.51,AR,1603326984
1,hobart,-42.88,147.33,63.0,67,75,10.29,AU,1603326741
2,husavik,66.04,-17.34,26.6,86,40,4.7,IS,1603326870
3,esperance,-33.87,121.9,59.0,100,75,11.41,AU,1603326853
4,east london,-33.02,27.91,63.18,81,0,12.1,ZA,1603326985
5,ushuaia,-54.8,-68.3,50.0,57,75,11.41,AR,1603326985
6,mataura,-46.19,168.86,64.0,53,86,3.0,NZ,1603326825
7,atuona,-9.8,-139.03,77.95,71,0,16.26,PF,1603326986
8,new norfolk,-42.78,147.06,63.0,47,10,3.0,AU,1603326986
9,bathsheba,13.22,-59.52,82.4,78,40,12.75,BB,1603326986
10,muzaffarabad,34.37,73.47,59.68,33,0,4.43,PK,1603326953
11,bolekhiv,49.07,23.86,47.77,64,81,8.79,UA,1603326987
12,luderitz,-26.65,15.16,58.08,88,25,22.1,NA,1603326852
13,haines junction,60.75,-137.51,24.67,78,20,2.17,CA,1603326731
14,san quintin,30.48,-115.95,67.68,78,25,9.71,MX,1603326885
15,gat,31.61,34.76,73.0,77,0,2.24,IL,1603326871
16,bethel,41.37,-73.41,64.99,93,90,3.36,US,1603326854
17,rikitea,-23.12,-134.97,74.46,71,100,4.09,PF,1603326950
18,mercedes,-34.65,-59.43,57.99,94,100,15.01,AR,1603326988
19,hami,42.8,93.45,51.67,39,0,6.82,CN,1603326868
20,gurupi,-11.73,-49.07,80.83,65,100,12.53,BR,1603326989
21,aykhal,66.0,111.5,-4.0,91,90,2.24,RU,1603326913
22,punta arenas,-53.15,-70.92,48.2,61,90,4.7,CL,1603326832
23,bengkulu,-3.8,102.27,77.61,84,100,3.62,ID,1603326833
24,sokoni,-6.43,39.55,75.2,88,5,8.28,TZ,1603326989
25,kirakira,-10.45,161.92,85.48,66,2,7.31,SB,1603326845
26,bredasdorp,-34.53,20.04,55.4,87,0,2.24,ZA,1603326838
27,cascais,38.7,-9.42,59.0,91,8,7.74,PT,1603326928
28,paragominas,-2.97,-47.48,79.7,63,0,6.08,BR,1603326990
29,kurumkan,54.3,110.3,28.2,87,29,2.06,RU,1603326990
30,leinfelden-echterdingen,48.69,9.17,57.99,76,100,2.24,DE,1603326990
31,igarka,67.47,86.58,14.43,97,84,4.21,RU,1603326991
32,minot,48.23,-101.3,28.4,73,1,4.7,US,1603326880
33,calbuco,-41.77,-73.13,46.4,75,0,5.82,CL,1603326938
34,barkly west,-28.54,24.52,73.4,43,0,10.29,ZA,1603326991
35,kapaa,22.08,-159.32,84.2,66,75,5.82,US,1603326825
36,puerto ayora,-0.74,-90.35,68.0,94,97,8.01,EC,1603326829
37,barrow,71.29,-156.79,33.8,94,90,16.11,US,1603326625
38,hilo,19.73,-155.09,84.2,54,1,9.17,US,1603326824
39,khatanga,71.97,102.5,3.38,90,52,8.48,RU,1603326861
40,isangel,-19.55,169.27,86.0,62,20,9.17,VU,1603326838
41,tiarei,-17.53,-149.33,84.2,66,75,9.17,PF,1603326900
42,arraial do cabo,-22.97,-42.03,72.97,88,19,14.54,BR,1603326851
43,tuatapere,-46.13,167.68,64.0,53,100,3.0,NZ,1603326885
44,hermanus,-34.42,19.23,51.01,96,0,8.23,ZA,1603326829
45,ohangaron,40.91,69.64,55.4,42,20,2.24,UZ,1603326993
46,bluff,-46.6,168.33,64.0,53,86,3.0,NZ,1603326873
48,qaanaaq,77.48,-69.36,20.05,84,100,7.0,GL,1603326839
49,akyab,20.15,92.9,80.22,85,90,13.51,MM,1603326994
50,lebu,-37.62,-73.65,47.64,80,0,15.61,CL,1603326867
51,sabya,17.15,42.63,82.4,74,50,4.7,SA,1603326995
52,kodiak,57.79,-152.41,46.4,52,1,12.75,US,1603326588
53,beloha,-25.17,45.05,67.68,83,0,10.6,MG,1603326995
54,saint-philippe,-21.36,55.77,71.6,68,20,9.17,RE,1603326837
55,goderich,43.75,-81.72,54.0,82,0,8.68,CA,1603326995
56,alihe,50.57,123.72,28.67,80,0,13.29,CN,1603326996
57,moose factory,51.26,-80.61,32.0,98,90,4.7,CA,1603326996
58,thompson,55.74,-97.86,24.8,85,75,2.24,CA,1603326863
59,provideniya,64.38,-173.3,41.0,80,90,4.47,RU,1603326867
60,magaria,13.0,8.91,79.54,16,0,7.76,NE,1603326997
61,luis correia,-2.88,-41.67,80.06,81,2,16.02,BR,1603326997
62,vila franca do campo,37.72,-25.43,59.0,77,75,10.29,PT,1603326960
63,mamakan,57.82,114.0,25.12,93,100,4.83,RU,1603326997
64,busselton,-33.65,115.33,61.0,65,9,5.01,AU,1603326831
65,nyurba,63.28,118.33,15.76,96,71,4.52,RU,1603326788
66,prince rupert,54.32,-130.32,44.6,75,1,4.7,CA,1603326802
67,jamestown,42.1,-79.24,55.99,93,90,5.82,US,1603326728
68,batagay-alyta,67.8,130.41,11.88,92,100,2.1,RU,1603326998
69,faanui,-16.48,-151.75,79.11,76,5,11.27,PF,1603326846
70,dong xoai,11.53,106.92,75.99,84,86,3.36,VN,1603326999
71,albany,42.6,-73.97,68.0,83,100,2.77,US,1603326806
72,concarneau,47.88,-3.92,55.4,93,75,3.36,FR,1603326999
73,donghai,22.95,115.64,73.99,68,5,3.0,CN,1603326999
74,neyshabur,36.21,58.8,47.17,54,0,2.71,IR,1603327000
75,cidreira,-30.18,-50.21,65.91,89,100,17.98,BR,1603326857
76,faya,18.39,42.45,59.0,19,0,4.7,SA,1603326587
77,provins,48.58,3.17,59.0,87,100,5.82,FR,1603327000
78,camapua,-19.53,-54.04,78.49,59,7,3.91,BR,1603327000
79,deputatskiy,69.3,139.9,7.56,96,100,1.88,RU,1603326933
80,vaini,-21.2,-175.2,75.2,73,75,10.29,TO,1603326825
81,tasiilaq,65.61,-37.64,30.2,80,100,3.36,GL,1603326825
82,nikolskoye,59.7,30.79,39.2,93,90,8.95,RU,1603326859
83,yar-sale,66.83,70.83,19.42,97,86,12.71,RU,1603326883
84,alice springs,-23.7,133.88,91.4,26,20,19.46,AU,1603326848
85,general roca,-39.03,-67.58,62.6,33,0,10.29,AR,1603326662
86,sioux lookout,50.1,-91.92,32.0,99,90,3.36,CA,1603326902
87,pisco,-13.7,-76.22,64.0,82,0,16.11,PE,1603326883
88,sao filipe,14.9,-24.5,81.16,74,64,4.79,CV,1603326907
89,narsaq,60.92,-46.05,32.0,84,98,2.24,GL,1603326829
90,zaysan,47.47,84.87,46.42,47,0,4.38,KZ,1603327003
91,yichang,30.71,111.28,64.54,61,0,4.92,CN,1603327003
92,de-kastri,51.47,140.78,53.02,67,82,8.41,RU,1603327003
93,dongsheng,39.82,109.98,32.65,77,0,12.57,CN,1603327004
94,cutler,25.62,-80.31,80.01,100,90,5.82,US,1603327004
95,cabo san lucas,22.89,-109.91,87.8,45,5,11.41,MX,1603326866
96,matadi,-5.82,13.45,77.58,79,100,4.83,CD,1603327004
97,mogadishu,2.04,45.34,79.65,85,0,12.12,SO,1603326952
98,chokurdakh,70.63,147.92,12.58,95,100,4.41,RU,1603326830
99,salalah,17.02,54.09,78.8,78,40,2.24,OM,1603326682
100,north bend,43.41,-124.22,59.0,67,1,17.22,US,1603326641
101,melito di porto salvo,37.92,15.77,62.01,80,49,2.35,IT,1603327005
102,mahebourg,-20.41,57.7,73.4,83,20,12.75,MU,1603326867
103,adrar,20.5,-10.07,84.22,18,0,4.72,MR,1603326923
104,la palma,33.85,-118.05,73.4,60,1,4.7,US,1603326860
105,northam,51.03,-4.22,54.0,97,95,3.0,GB,1603326844
106,ceahlau,47.05,25.97,46.99,70,100,5.68,RO,1603327006
107,ciechanow,52.88,20.62,50.0,81,100,5.82,PL,1603327007
108,rawah,34.48,41.91,71.28,29,0,7.58,IQ,1603326721
109,zyryanka,65.75,150.85,20.97,91,0,14.5,RU,1603327007
110,billings,45.78,-108.5,37.0,96,90,5.82,US,1603327007
111,itoman,26.12,127.67,77.0,100,75,5.82,JP,1603326835
112,longyearbyen,78.22,15.64,19.4,79,75,3.36,SJ,1603326858
113,benjamin hill,30.17,-111.1,89.01,26,5,3.0,MX,1603327008
114,butaritari,3.07,172.79,81.91,71,6,9.06,KI,1603326830
116,victoria,22.29,114.16,73.99,67,41,1.99,HK,1603326828
117,batang berjuntai,3.38,101.42,75.2,100,20,14.99,MY,1603327009
118,baherden,38.44,57.43,53.37,43,36,2.42,TM,1603327009
119,patea,-39.76,174.48,64.99,52,0,7.0,NZ,1603327009
120,harper,4.38,-7.72,77.43,88,94,6.46,LR,1603326908
121,vanavara,60.34,102.28,34.54,93,100,8.12,RU,1603327010
122,dingle,11.0,122.67,84.09,79,82,12.01,PH,1603326895
123,abu dhabi,24.47,54.37,77.0,83,0,2.24,AE,1603326939
124,paracatu,-17.22,-46.87,70.48,86,94,1.14,BR,1603327010
125,san ignacio,17.16,-89.07,80.6,88,40,4.7,BZ,1603326951
126,mount gambier,-37.83,140.77,60.8,63,40,10.29,AU,1603326765
127,port alfred,-33.59,26.89,62.24,82,0,10.69,ZA,1603327011
128,tambun,-6.26,107.07,84.0,88,40,2.95,ID,1603327011
129,grand-lahou,5.14,-5.02,77.02,92,15,8.21,CI,1603326932
130,tombouctou,20.0,-3.0,84.78,17,0,3.4,ML,1603327012
131,tezu,27.92,96.17,74.26,62,0,2.42,IN,1603327012
132,berlevag,70.86,29.09,30.56,94,22,8.52,NO,1603326833
133,novyy svit,47.81,38.02,46.4,67,100,5.46,UA,1603327013
134,georgetown,5.41,100.34,77.0,83,20,5.82,MY,1603326828
135,denpasar,-8.65,115.22,82.4,88,40,6.93,ID,1603326713
136,the valley,18.22,-63.06,82.99,83,20,2.24,AI,1603327013
137,mar del plata,-38.0,-57.56,54.0,76,0,12.75,AR,1603326767
138,pangnirtung,66.15,-65.71,28.4,86,90,2.24,CA,1603326875
139,muhos,64.81,25.99,33.01,95,90,13.87,FI,1603327014
140,ostrovnoy,68.05,39.51,30.29,97,99,6.29,RU,1603326859
141,bodden town,19.28,-81.25,82.4,78,20,3.36,KY,1603327014
142,novikovo,51.15,37.89,44.82,82,100,4.45,RU,1603327014
143,port-gentil,-0.72,8.78,78.8,94,75,8.05,GA,1603327015
144,tambovka,50.1,128.05,28.4,63,20,11.18,RU,1603326787
145,ribeira grande,38.52,-28.7,63.37,70,98,17.6,PT,1603326849
146,korla,41.76,86.15,44.04,53,0,0.63,CN,1603326828
147,sooke,48.37,-123.73,50.0,74,0,1.72,CA,1603327015
148,yellowknife,62.46,-114.35,24.8,73,90,18.34,CA,1603326609
149,witu,-2.39,40.44,80.6,83,20,6.93,KE,1603327016
150,mogzon,51.74,111.96,25.93,94,35,5.1,RU,1603327016
151,aginskoye,51.1,114.53,29.05,90,0,10.4,RU,1603327016
152,caravelas,-17.71,-39.25,74.66,85,100,5.35,BR,1603326914
153,zhuhai,22.28,113.57,73.4,68,40,20.8,CN,1603327017
154,martapura,-3.42,114.85,78.8,88,20,5.82,ID,1603327017
155,maicao,11.38,-72.24,79.39,84,10,2.8,CO,1603327017
156,gravelbourg,49.88,-106.55,23.09,94,100,6.2,CA,1603327017
157,hammerfest,70.66,23.68,26.6,79,0,11.41,NO,1603327018
158,riyadh,24.69,46.72,62.6,27,0,5.82,SA,1603326772
159,honiara,-9.43,159.95,80.6,88,75,5.82,SB,1603326850
161,dikson,73.51,80.55,23.5,96,97,11.12,RU,1603326786
162,cururupu,-1.83,-44.87,75.34,88,36,4.09,BR,1603327019
163,norman wells,65.28,-126.83,23.0,85,75,12.75,CA,1603326836
164,port elizabeth,-33.92,25.57,55.4,100,0,3.36,ZA,1603326840
165,gasa,31.5,34.47,73.0,77,0,2.24,PS,1603326833
166,kaitangata,-46.28,169.85,59.63,49,98,7.11,NZ,1603326862
167,santiago,-33.46,-70.65,66.0,55,0,10.29,CL,1603326928
168,tamasane,-22.42,27.4,63.64,70,1,15.12,BW,1603327020
169,nefteyugansk,61.1,72.6,30.2,100,75,6.71,RU,1603326752
170,qianguo,45.12,124.86,38.79,67,0,10.36,CN,1603327020
171,kapuskasing,49.42,-82.43,32.0,97,90,1.36,CA,1603327020
172,san patricio,28.02,-97.52,80.6,78,20,16.11,US,1603327021
173,janauba,-15.8,-43.31,77.34,62,21,7.2,BR,1603327021
174,palmer,42.16,-72.33,68.0,77,75,6.93,US,1603326922
175,rodrigues alves,-7.74,-72.65,73.67,97,100,2.1,BR,1603327021
176,treinta y tres,-33.23,-54.38,55.69,85,100,10.69,UY,1603327022
177,san cristobal,7.77,-72.22,86.0,62,40,5.82,VE,1603326838
178,guaruja,-23.99,-46.26,75.99,26,2,7.34,BR,1603326968
179,imbituba,-28.24,-48.67,71.6,94,40,13.87,BR,1603327022
180,bilibino,68.05,166.44,23.23,96,11,1.97,RU,1603326885
181,havre-saint-pierre,50.23,-63.6,35.6,93,90,9.17,CA,1603327023
182,kuytun,54.34,101.5,31.21,90,100,8.05,RU,1603327023
183,ixtapa,20.7,-105.2,87.8,79,75,6.93,MX,1603326869
184,chuy,-33.7,-53.46,58.51,74,100,15.14,UY,1603326849
185,songkhla,6.83,100.67,77.0,100,40,2.66,TH,1603327023
186,clyde river,70.47,-68.59,15.8,78,1,5.82,CA,1603326847
187,te anau,-45.42,167.72,55.11,63,100,5.28,NZ,1603326854
188,clinton,42.59,-82.92,50.0,100,40,4.7,US,1603327024
189,port lincoln,-34.73,135.87,61.34,77,100,11.52,AU,1603326886
190,honningsvag,70.98,25.97,34.02,86,0,9.82,NO,1603327024
191,constitucion,-35.33,-72.42,49.42,84,0,8.72,CL,1603326879
192,salgueiro,-8.07,-39.12,78.49,55,2,16.84,BR,1603327025
193,christchurch,-43.53,172.63,61.0,59,60,11.41,NZ,1603326878
194,waingapu,-9.66,120.26,85.14,58,0,5.88,ID,1603326923
195,necochea,-38.55,-58.74,48.99,70,5,11.01,AR,1603327025
196,aswan,24.09,32.91,75.38,27,0,7.54,EG,1603327026
197,ancud,-41.87,-73.82,48.0,81,75,3.36,CL,1603326851
198,san jose,37.34,-121.89,86.0,26,20,10.29,US,1603326790
199,aklavik,68.22,-135.01,24.8,62,20,4.7,CA,1603326873
200,airai,-8.93,125.41,78.62,43,0,1.1,TL,1603326841
201,hithadhoo,-0.6,73.08,82.56,74,8,13.31,MV,1603326828
202,lufilufi,-13.87,-171.6,82.4,94,90,9.17,WS,1603327027
203,boshan,36.48,117.83,53.29,35,0,4.85,CN,1603327027
204,kattivakkam,13.22,80.32,80.6,94,75,3.36,IN,1603326682
205,iqaluit,63.75,-68.51,30.2,80,75,2.24,CA,1603326846
206,seoul,37.57,126.98,59.0,87,90,4.92,KR,1603326907
207,sibolga,1.74,98.78,75.63,81,100,4.72,ID,1603327028
208,srikakulam,18.3,83.9,76.1,79,100,7.92,IN,1603327028
209,castro,-24.79,-50.01,59.67,94,19,8.55,BR,1603326844
210,ust-maya,60.42,134.53,22.28,95,100,7.9,RU,1603326789
211,huarmey,-10.07,-78.15,63.97,82,60,8.3,PE,1603327029
212,vila velha,-20.33,-40.29,75.2,88,90,2.24,BR,1603326855
213,tromso,69.65,18.96,24.8,79,8,13.87,NO,1603327029
214,flinders,-34.58,150.86,69.01,80,68,3.0,AU,1603326872
215,vostok,46.49,135.88,41.85,99,100,2.68,RU,1603326848
216,ulladulla,-35.35,150.47,69.01,77,75,8.05,AU,1603327030
217,turan,16.07,108.22,75.2,78,75,1.12,VN,1603326874
218,comodoro rivadavia,-45.87,-67.5,55.4,76,0,1.12,AR,1603327030
219,turayf,31.67,38.66,59.0,41,0,6.93,SA,1603327030
220,vao,-22.67,167.48,73.6,86,0,14.0,NC,1603327031
221,kenai,60.55,-151.26,43.0,38,1,12.75,US,1603326948
222,cape town,-33.93,18.42,59.0,87,0,18.34,ZA,1603326840
223,batemans bay,-35.72,150.18,69.01,75,68,1.01,AU,1603327031
224,payo,-3.75,103.64,72.86,95,100,3.62,ID,1603326925
225,gejiu,23.31,103.16,49.23,87,65,4.81,CN,1603327032
226,merauke,-8.47,140.33,85.08,62,74,5.84,ID,1603327032
227,sitka,57.05,-135.33,39.2,38,1,8.05,US,1603326924
228,lazaro cardenas,17.96,-102.2,81.27,86,23,5.39,MX,1603326928
229,kahului,20.89,-156.47,91.4,36,20,11.41,US,1603327033
230,mount isa,-20.73,139.5,96.8,26,0,10.29,AU,1603326902
231,kismayo,-0.36,42.55,79.25,85,24,11.92,SO,1603327033
232,kibaya,-5.3,36.57,57.51,99,96,3.89,TZ,1603327034
233,salcedo,12.81,121.47,83.97,75,100,14.72,PH,1603327034
234,luau,-10.71,22.22,67.23,90,100,7.38,AO,1603327034
235,sidi ali,36.1,0.42,66.56,74,100,7.49,DZ,1603327034
236,pevek,69.7,170.31,29.8,97,16,3.89,RU,1603326891
237,sorada,19.75,84.43,75.06,86,90,3.47,IN,1603327035
238,hue,16.47,107.6,69.8,94,40,13.87,VN,1603326892
239,cheney,47.49,-117.58,48.2,45,75,3.36,US,1603326761
240,hasaki,35.73,140.83,63.0,82,75,8.05,JP,1603326920
241,kaeo,-35.1,173.78,60.26,92,100,4.65,NZ,1603327036
242,lingao,19.91,109.69,72.75,74,98,16.22,CN,1603327037
243,carutapera,-1.2,-46.02,78.8,80,100,7.09,BR,1603327037
244,sakakah,29.97,40.21,68.0,16,0,5.82,SA,1603327038
245,poum,-20.23,164.02,77.22,76,0,11.7,NC,1603326878
246,kvam,61.67,9.69,38.98,75,100,3.22,NO,1603327038
247,ketchikan,55.34,-131.65,44.6,80,20,14.99,US,1603327039
248,snasa,64.25,12.38,33.13,90,100,5.32,NO,1603327039
249,saskylakh,71.92,114.08,6.04,93,10,6.91,RU,1603326859
250,takoradi,4.88,-1.76,76.86,92,82,7.81,GH,1603327039
251,avarua,-21.21,-159.78,77.0,83,100,9.17,CK,1603326850
252,meulaboh,4.14,96.13,76.66,83,100,4.92,ID,1603326561
253,vyazma,55.21,34.3,38.71,98,100,4.18,RU,1603327040
254,lluta,-16.01,-72.01,54.07,41,100,0.67,PE,1603327040
255,oranjestad,12.52,-70.03,84.2,83,20,14.99,AW,1603327040
256,samarai,-10.62,150.67,80.42,83,14,10.69,PG,1603327041
257,kurchum,48.57,83.65,46.74,48,0,9.06,KZ,1603327041
258,yumen,40.28,97.2,40.01,56,0,6.58,CN,1603326887
259,anadyr,64.75,177.48,39.2,80,20,8.95,RU,1603326843
260,katsuura,35.13,140.3,64.99,63,75,11.41,JP,1603326903
261,uberlandia,-18.92,-48.28,72.14,78,100,3.74,BR,1603327041
262,carnarvon,-24.87,113.63,69.8,64,40,18.34,AU,1603326836
263,mauboh,5.99,121.09,82.89,78,20,10.25,PH,1603327042
264,sao joao da barra,-21.64,-41.05,73.67,86,19,10.94,BR,1603327042
265,puerto colombia,10.99,-74.95,82.4,83,20,6.93,CO,1603326910
266,hargeysa,9.56,44.06,67.03,31,0,5.37,SO,1603326743
267,alekseyevsk,57.84,108.35,31.24,96,100,8.5,RU,1603327043
268,egvekinot,66.32,-179.17,32.58,99,100,4.79,RU,1603326909
269,krasnozerskoye,53.98,79.24,45.5,55,100,14.45,RU,1603327044
270,kampot,10.62,104.18,78.8,88,40,5.82,KH,1603327044
271,saint anthony,45.02,-93.22,35.01,73,100,1.01,US,1603326874
272,mpongwe,-13.51,28.16,71.98,45,0,9.51,ZM,1603327045
273,buraydah,26.33,43.98,62.6,39,0,6.93,SA,1603326918
274,marawi,8.0,124.29,82.0,77,100,3.0,PH,1603327045
275,atambua,-9.11,124.89,88.41,41,0,2.77,ID,1603326869
276,chipping sodbury,51.54,-2.39,55.0,94,100,1.99,GB,1603327045
277,upernavik,72.79,-56.15,23.99,95,62,4.34,GL,1603326891
278,mayumba,-3.43,10.66,76.8,89,100,5.79,GA,1603327046
279,cherskiy,68.75,161.3,22.05,94,0,8.88,RU,1603326847
281,ikalamavony,-21.15,46.58,60.75,74,4,8.03,MG,1603327047
282,souillac,-20.52,57.52,73.4,83,20,12.75,MU,1603326845
283,namatanai,-3.67,152.43,85.26,66,4,7.54,PG,1603327047
284,kibala,9.11,18.35,77.0,78,20,3.04,TD,1603327047
285,port macquarie,-31.43,152.92,73.4,56,63,8.05,AU,1603327047
286,lata,40.16,-8.33,57.99,90,2,1.01,PT,1603326882
287,omsukchan,62.53,155.8,19.08,92,0,6.69,RU,1603327048
288,san francisco menendez,13.84,-90.02,75.74,85,100,1.03,SV,1603327048
289,tuktoyaktuk,69.45,-133.04,17.6,78,40,8.05,CA,1603326841
290,kitimat,54.05,-128.65,39.99,87,53,2.33,CA,1603327048
291,tautira,-17.73,-149.15,84.2,66,75,9.17,PF,1603326938
292,fairbanks,64.84,-147.72,26.6,86,90,3.36,US,1603326815
293,anshun,26.25,105.93,53.29,63,100,8.48,CN,1603327049
294,tecolutla,20.48,-97.02,82.4,74,40,12.75,MX,1603327049
295,altay,47.87,88.12,40.66,53,0,5.61,CN,1603327049
296,okhotsk,59.38,143.3,35.4,90,100,30.06,RU,1603327050
297,gilbues,-9.83,-45.34,81.61,30,53,7.0,BR,1603327050
298,klaksvik,62.23,-6.59,32.0,65,87,2.24,FO,1603326922
299,saint-joseph,-21.37,55.62,71.6,68,20,9.17,RE,1603326920
300,great yarmouth,52.61,1.73,55.99,99,12,14.0,GB,1603327051
301,itaituba,-4.28,-55.98,76.95,89,89,1.92,BR,1603327051
302,fortuna,40.6,-124.16,60.01,62,1,21.92,US,1603326856
303,la ronge,55.1,-105.28,26.6,58,90,8.05,CA,1603326912
304,paamiut,61.99,-49.67,33.37,84,0,24.76,GL,1603326943
305,mikuni,36.22,136.15,64.4,68,75,1.12,JP,1603326952
306,partur,19.6,76.22,73.8,86,0,3.33,IN,1603327052
307,yerbogachen,61.28,108.01,24.28,97,100,9.26,RU,1603327052
308,mhango,-3.28,32.85,68.67,78,81,2.04,TZ,1603327052
309,siguiri,11.67,-9.5,76.19,54,39,1.52,GN,1603327053
310,george town,5.41,100.34,77.0,83,20,5.82,MY,1603326812
311,lasa,46.62,10.7,52.0,100,5,3.15,IT,1603326855
312,peniche,39.36,-9.38,57.99,88,0,1.01,PT,1603327054
313,jumla,29.27,82.18,45.1,58,0,4.27,NP,1603327054
314,tokur,53.13,132.9,35.11,89,100,0.83,RU,1603327054
315,bandarbeyla,9.49,50.81,79.56,62,95,4.94,SO,1603326927
316,cuajinicuilapa,16.47,-98.42,78.6,86,21,1.66,MX,1603327054
317,genhe,50.78,121.52,25.9,80,0,8.84,CN,1603327055
318,tura,25.52,90.22,71.85,94,6,3.36,IN,1603326867
319,nanortalik,60.14,-45.24,33.93,84,99,28.59,GL,1603327055
320,guilin,25.28,110.29,57.2,87,20,4.47,CN,1603327055
321,teya,60.38,92.63,36.21,89,100,4.54,RU,1603326893
322,ishigaki,24.34,124.16,78.8,100,75,8.05,JP,1603326884
323,kysyl-syr,63.9,122.76,17.02,96,54,3.4,RU,1603327056
324,toamasina,-18.17,49.38,69.8,94,75,3.36,MG,1603326922
325,smithers,54.78,-127.17,35.6,86,40,4.7,CA,1603327056
326,nandu,22.85,110.82,66.34,64,0,8.28,CN,1603327057
327,kotido,2.98,34.13,71.1,69,40,1.43,UG,1603326876
328,ilulissat,69.22,-51.1,26.6,73,100,5.82,GL,1603327057
329,xichang,27.9,102.26,52.57,71,66,1.3,CN,1603327058
330,kavieng,-2.57,150.8,84.52,69,14,8.28,PG,1603326846
331,tiksi,71.69,128.87,11.26,94,100,5.03,RU,1603326856
332,sistranda,63.73,8.83,30.2,100,20,5.82,NO,1603327058
333,cazones,20.72,-97.32,82.4,74,40,12.75,MX,1603327058
334,biel,47.13,7.24,46.99,100,100,1.12,CH,1603327059
335,pringsewu,-5.36,104.97,79.34,78,100,2.57,ID,1603326832
336,hrodna,53.69,23.83,49.87,81,100,12.06,BY,1603327059
337,leningradskiy,69.38,178.42,36.16,81,99,6.58,RU,1603326872
338,puerto el triunfo,13.28,-88.55,80.6,88,75,1.12,SV,1603327059
339,olafsvik,64.89,-23.71,40.73,77,100,26.73,IS,1603327060
340,hit,33.64,42.83,74.3,27,0,9.48,IQ,1603327060
341,tamiahua,21.27,-97.45,76.78,84,0,4.18,MX,1603327060
342,semaria,24.31,79.97,69.55,41,0,1.95,IN,1603327060
343,weligama,5.97,80.42,78.84,86,4,10.29,LK,1603327060
344,baykit,61.67,96.37,36.9,89,100,4.9,RU,1603327061
345,lompoc,34.64,-120.46,62.6,82,90,8.05,US,1603326858
346,san giovanni in fiore,39.26,16.7,48.2,93,100,8.05,IT,1603327061
347,stabat,3.76,98.45,75.2,100,75,4.7,ID,1603327062
348,lima,-12.04,-77.03,62.6,82,60,14.99,PE,1603326734
349,naze,28.37,129.48,80.6,83,75,12.75,JP,1603326900
350,natal,-5.79,-35.21,77.0,94,75,2.24,BR,1603327024
351,padang,-0.95,100.35,75.81,83,100,7.49,ID,1603326803
352,teahupoo,-17.83,-149.27,84.2,66,75,9.17,PF,1603327063
353,brae,60.4,-1.35,46.4,75,100,24.16,GB,1603326878
354,wabag,-5.48,143.7,59.63,89,94,3.13,PG,1603327063
355,rio gallegos,-51.62,-69.22,51.8,57,100,3.36,AR,1603326772
356,saldanha,-33.01,17.94,51.8,87,0,10.29,ZA,1603326851
357,acapulco,16.86,-99.89,84.2,83,75,4.7,MX,1603326838
358,richards bay,-28.78,32.04,62.85,85,2,5.93,ZA,1603326956
359,nizhniy kuranakh,58.84,125.49,17.1,93,100,2.04,RU,1603327064
360,cubuk,40.24,33.03,52.0,87,0,1.12,TR,1603327064
361,kodinsk,58.69,99.18,32.0,98,100,4.7,RU,1603327065
362,karpogory,64.0,44.45,23.77,99,34,3.31,RU,1603327065
363,moyale,3.52,39.06,68.14,85,100,5.53,KE,1603327065
364,altamira,-3.2,-52.21,81.55,62,77,3.58,BR,1603326826
365,port augusta,-32.5,137.77,79.0,68,100,12.75,AU,1603327065
366,lock haven,41.14,-77.45,73.4,56,90,1.83,US,1603327066
367,oudtshoorn,-33.59,22.2,51.8,93,0,5.82,ZA,1603327066
369,saint pete beach,27.73,-82.74,77.0,71,100,4.0,US,1603327066
370,katobu,-4.94,122.53,88.97,49,97,2.91,ID,1603327066
371,coquimbo,-29.95,-71.34,53.6,87,0,11.41,CL,1603326891
372,cayenne,4.93,-52.33,78.8,88,0,9.08,GF,1603326894
373,port keats,-14.25,129.55,88.54,61,100,9.86,AU,1603327067
374,kyra,49.58,111.98,25.59,85,3,3.15,RU,1603327067
375,cap malheureux,-19.98,57.61,71.01,85,55,5.01,MU,1603327068
376,port hardy,50.7,-127.42,48.2,70,20,8.05,CA,1603326873
377,atar,20.52,-13.05,84.9,28,0,2.51,MR,1603326930
378,sabratah,32.79,12.49,68.59,55,0,13.33,LY,1603327068
379,manokwari,-0.87,134.08,84.04,67,100,5.68,ID,1603326891
380,vredendal,-31.67,18.5,62.82,30,0,2.8,ZA,1603327069
381,avera,33.19,-82.53,75.2,73,75,8.05,US,1603327069
382,kruisfontein,-34.0,24.73,55.22,67,0,5.84,ZA,1603326902
383,manama,26.22,50.58,78.8,65,0,2.24,BH,1603327069
384,gidam,18.98,81.4,66.76,86,82,2.08,IN,1603327069
385,zonguldak,41.25,31.83,53.8,73,0,3.4,TR,1603327070
386,ossora,59.24,163.07,42.08,88,100,7.38,RU,1603327070
387,beira,-19.84,34.84,77.0,83,40,12.75,MZ,1603327070
388,miles city,46.41,-105.84,33.8,85,90,8.05,US,1603326903
389,shimoda,34.67,138.95,64.4,72,75,13.87,JP,1603326798
390,lakhnadon,22.6,79.6,66.24,52,10,4.83,IN,1603327071
391,zhanakorgan,43.91,67.25,39.97,72,0,4.81,KZ,1603327071
392,manuk mangkaw,4.8,119.85,84.42,76,61,16.33,PH,1603327071
393,margate,51.38,1.39,55.99,79,0,4.0,GB,1603326935
394,honavar,14.28,74.45,75.6,89,99,2.57,IN,1603327072
395,todos santos,23.45,-110.22,82.0,76,0,1.01,MX,1603327072
396,torbay,47.67,-52.73,46.0,93,90,8.05,CA,1603326851
397,namibe,-15.2,12.15,70.09,80,65,2.71,AO,1603326912
398,frontera,26.93,-101.45,79.41,53,2,8.3,MX,1603327072
399,umm lajj,25.02,37.27,84.54,21,0,12.66,SA,1603327073
400,nizhnevartovsk,60.93,76.55,32.0,99,40,4.47,RU,1603327073
401,buin,-33.73,-70.75,64.99,55,0,10.29,CL,1603327073
402,balakhninskiy,58.01,114.28,22.87,94,100,2.95,RU,1603327073
403,nuuk,64.18,-51.72,30.2,92,84,6.93,GL,1603327074
404,buala,-8.14,159.59,81.75,76,100,10.13,SB,1603326915
405,sorland,67.67,12.69,38.26,73,81,12.68,NO,1603326934
406,ginda,30.69,78.49,59.0,87,0,4.94,IN,1603327075
407,hervey bay,-25.3,152.85,80.01,54,40,10.29,AU,1603326918
409,pierre,44.37,-100.35,33.01,90,90,13.87,US,1603326908
410,trapani,37.83,12.67,69.01,88,0,10.29,IT,1603327076
411,puri,19.8,85.85,77.0,100,90,9.17,IN,1603327077
412,hong gai,20.96,107.09,71.6,56,0,4.7,VN,1603327077
413,byron bay,-28.65,153.62,68.0,88,90,4.7,AU,1603327070
414,kungurtug,50.6,97.52,28.04,87,0,2.28,RU,1603327078
415,hofn,64.25,-15.21,35.69,82,3,8.12,IS,1603326852
416,sorong,-0.88,131.25,83.44,73,43,1.54,ID,1603327078
417,amot,59.57,7.99,44.11,88,100,2.37,NO,1603327078
418,salamiyah,35.01,37.05,61.43,90,0,5.26,SY,1603327078
419,san juan nepomuceno,9.95,-75.08,75.51,94,14,4.97,CO,1603327079
420,kenora,49.82,-94.43,30.2,100,75,5.82,CA,1603327079
421,uyemskiy,64.47,40.85,24.8,92,90,1.57,RU,1603327079
422,pucallpa,-8.38,-74.55,84.2,66,40,3.36,PE,1603327079
423,kalmunai,7.42,81.82,79.27,74,0,4.27,LK,1603326729
424,kaoma,-14.78,24.8,69.62,28,0,6.13,ZM,1603327080
425,erenhot,43.65,111.98,30.24,74,0,10.16,CN,1603327080
426,porosozero,62.72,32.73,29.12,97,100,8.14,RU,1603326942
427,mwinilunga,-11.74,24.43,64.18,85,94,3.78,ZM,1603327080
428,foso,5.7,-1.29,73.04,99,28,2.57,GH,1603327081
429,point pleasant,40.08,-74.07,66.99,93,1,5.82,US,1603326909
430,lorengau,-2.02,147.27,83.88,74,90,6.64,PG,1603326841
431,belyy yar,53.6,91.39,24.8,92,87,2.24,RU,1603327081
432,geraldton,-28.77,114.6,64.4,68,0,5.82,AU,1603326669
433,winnemucca,40.97,-117.74,69.8,21,1,10.29,US,1603327082
434,college,64.86,-147.8,26.6,79,90,4.7,US,1603326860
435,tubajon,10.33,125.56,84.16,73,100,4.16,PH,1603327082
436,ubata,-14.21,-39.52,66.96,97,16,0.87,BR,1603327082
437,mvomero,-6.25,38.67,71.91,91,92,2.98,TZ,1603327083
438,rabat,33.99,-6.84,66.2,88,75,6.06,MA,1603327083
439,kyren,51.68,102.14,33.24,81,0,2.39,RU,1603327083
440,jati,24.35,68.27,74.79,56,34,7.0,PK,1603327083
441,tazovskiy,67.47,78.7,15.42,97,83,10.09,RU,1603326911
442,moranbah,-22.0,148.05,85.23,37,0,6.96,AU,1603327083
443,roma,43.21,-75.46,60.8,77,90,5.82,US,1603326858
444,marquette,46.53,-87.63,39.0,67,100,3.0,US,1603327084
445,trairi,-3.28,-39.27,79.84,80,63,10.87,BR,1603327084
446,srednekolymsk,67.45,153.68,18.52,91,70,5.77,RU,1603326948
447,port said,31.26,32.28,75.2,69,0,13.87,EG,1603327085
448,russell,32.35,-85.2,75.2,73,1,3.36,US,1603326828
449,ambilobe,-13.2,49.05,70.48,77,11,3.58,MG,1603327085
450,maltahohe,-24.83,16.98,69.76,22,92,13.35,NA,1603327085
451,ponta do sol,32.67,-17.1,66.2,52,20,8.05,PT,1603326878
452,pakpattan,30.34,73.39,65.46,27,0,3.6,PK,1603327086
453,glenluce,54.88,-4.81,48.99,92,100,5.99,GB,1603327086
454,raudeberg,61.99,5.14,44.01,85,84,21.36,NO,1603326940
455,tiznit,29.58,-9.5,65.1,71,100,2.19,MA,1603327086
456,doctor arroyo,23.67,-100.18,66.38,62,10,7.31,MX,1603327087
457,burgeo,47.62,-57.62,48.81,75,100,9.37,CA,1603327087
459,vuktyl,63.86,57.31,22.77,96,100,10.47,RU,1603327087
460,codrington,-38.27,141.97,59.76,68,32,7.0,AU,1603326910
461,najran,17.49,44.13,62.6,25,100,2.24,SA,1603327088
463,nouadhibou,20.93,-17.03,73.4,83,0,12.75,MR,1603326638
464,weymouth,42.22,-70.94,66.99,100,30,14.99,US,1603327088
465,ballina,-28.87,153.57,68.0,88,90,4.7,AU,1603327089
466,verkhnevilyuysk,63.45,120.32,17.29,96,30,3.67,RU,1603326829
467,mahina,-17.51,-149.49,84.2,66,75,9.17,PF,1603327089
468,ostersund,63.18,14.64,32.0,98,90,3.36,SE,1603327090
469,maldonado,-34.67,-54.92,59.0,67,90,16.11,UY,1603327090
470,zambezi,-13.54,23.1,66.96,69,0,3.65,ZM,1603327090
471,bom jesus,-9.07,-44.36,79.77,34,0,4.12,BR,1603327090
472,yatou,37.15,122.38,57.47,49,0,14.7,CN,1603327091
473,juneau,58.3,-134.42,35.6,34,40,9.17,US,1603326910
474,swan hill,-35.34,143.55,74.93,37,54,5.41,AU,1603327092
475,tomatlan,19.93,-105.25,80.24,86,74,4.03,MX,1603327092
476,khandyga,62.67,135.6,21.16,95,100,2.44,RU,1603327092
477,baraki barak,33.97,68.95,68.0,55,1,1.12,AF,1603327092
478,dalbandin,28.89,64.41,51.1,36,0,4.56,PK,1603327092
479,chavakkad,10.53,76.05,75.2,100,75,4.7,IN,1603327093
480,zemio,5.03,25.14,69.42,95,100,3.58,CF,1603327093
481,darhan,49.49,105.92,31.86,83,0,7.74,MN,1603326890
482,antofagasta,-23.65,-70.4,59.0,77,75,11.41,CL,1603327093
483,bambous virieux,-20.34,57.76,73.4,83,20,12.75,MU,1603326830
484,lagoa,39.05,-27.98,62.62,69,98,19.39,PT,1603326832
485,zuwarah,32.93,12.08,70.14,57,0,14.72,LY,1603327094
486,qiongshan,20.01,110.35,69.8,73,100,6.71,CN,1603327094
487,oktyabrskiy,54.48,53.47,29.1,95,91,11.79,RU,1603326895
488,severo-kurilsk,50.68,156.12,43.36,68,99,16.08,RU,1603326862
489,dawson creek,55.77,-120.24,17.6,61,90,10.29,CA,1603327095
490,izhmorskiy,56.19,86.64,43.56,61,98,15.64,RU,1603327095
491,panguna,-6.32,155.48,80.02,80,16,2.71,PG,1603327095
492,zaozerne,45.16,33.28,59.09,68,28,8.12,UA,1603327095
493,manta,-0.95,-80.73,73.4,78,40,16.11,EC,1603327095
494,roebourne,-20.78,117.13,84.52,25,1,5.03,AU,1603327096
495,udachnyy,66.42,112.4,-4.0,91,90,2.24,RU,1603326931
496,hauterive,46.09,3.45,60.8,63,100,4.7,FR,1603327096
497,tambura,5.6,27.47,68.97,95,80,2.59,SS,1603327096
498,saint-georges,12.06,-61.75,84.2,79,40,16.11,GD,1603326969
499,myanaung,18.28,95.32,75.72,90,3,2.89,MM,1603327097
500,talnakh,69.49,88.4,12.2,85,40,13.42,RU,1603326825
501,labuhan,-6.88,112.21,83.55,69,100,5.77,ID,1603327097
502,yola,9.2,12.48,76.19,72,17,4.05,NG,1603327097
503,maceio,-9.67,-35.74,75.2,88,40,3.36,BR,1603327097
504,montepuez,-13.13,39.0,69.15,85,41,2.8,MZ,1603327098
505,los llanos de aridane,28.66,-17.92,68.0,68,3,6.93,ES,1603326945
506,mtwara,-10.27,40.18,71.6,94,20,5.55,TZ,1603327098
507,fos-sur-mer,43.44,4.94,66.2,68,75,13.87,FR,1603327098
508,carndonagh,55.25,-7.27,48.83,84,100,22.39,IE,1603327098
509,beringovskiy,63.05,179.32,41.23,77,86,7.0,RU,1603326918
510,oissel,49.33,1.1,53.01,100,0,9.17,FR,1603327099
511,saint-pierre,-21.34,55.48,71.6,68,20,9.17,RE,1603326919
512,hualmay,-11.1,-77.61,63.14,83,11,8.7,PE,1603326558
513,araceli,10.55,119.99,84.42,77,2,18.05,PH,1603327099
514,phan thiet,10.93,108.1,79.75,82,89,0.07,VN,1603327100
515,petropavlovka,50.61,105.32,32.45,83,0,2.93,RU,1603327100
516,pacifica,37.61,-122.49,62.6,77,1,11.41,US,1603327082
517,kotka,60.47,26.95,46.0,93,90,12.75,FI,1603327100
518,tripoli,32.88,13.19,69.22,67,0,16.55,LY,1603327100
519,ugoofaaru,5.67,73.0,81.73,77,83,11.18,MV,1603326952
520,half moon bay,37.46,-122.43,71.6,77,1,11.41,US,1603327050
521,marabba,12.35,32.18,84.11,52,28,6.04,SD,1603327101
522,ilebo,-4.32,20.58,70.97,96,92,1.92,CD,1603327101
523,abhar,36.15,49.22,47.62,81,0,4.21,IR,1603327101
524,suratgarh,29.32,73.9,70.68,23,0,6.69,IN,1603327101
525,markova,48.68,24.41,45.36,64,85,7.4,UA,1603327102
526,qaqortoq,60.72,-46.03,32.0,82,93,2.24,GL,1603327102
527,bonthe,7.53,-12.51,77.77,86,100,3.94,SL,1603327102
528,chipiona,36.74,-6.44,66.2,100,75,5.82,ES,1603327102
529,champoton,19.35,-90.72,82.4,83,75,6.93,MX,1603327103
530,roxana,10.28,-83.75,69.8,94,75,5.82,CR,1603327103
531,el tigre,8.89,-64.25,81.01,61,59,6.55,VE,1603327103
532,guerrero negro,27.98,-114.06,69.1,82,0,12.37,MX,1603326672
533,da nang,16.07,108.22,75.2,78,75,1.12,VN,1603327104
534,nuristan,35.3,70.83,24.87,75,0,13.69,AF,1603327104
535,nome,64.5,-165.41,39.2,86,90,6.93,US,1603327104
536,dubbo,-32.25,148.62,75.2,57,40,9.17,AU,1603326986
537,wangaratta,-36.37,146.33,68.0,56,13,2.24,AU,1603327105
538,borskoye,53.03,51.72,28.49,94,2,8.41,RU,1603327105
539,pitsunda,43.16,40.34,51.8,76,26,6.71,GE,1603327105
540,mahanoro,-19.9,48.8,68.85,82,19,2.28,MG,1603327105
541,port-de-bouc,43.4,4.98,66.2,68,75,13.87,FR,1603327105
542,jadu,31.95,12.03,58.62,63,0,18.84,LY,1603327106
543,kamsack,51.57,-101.9,26.6,68,90,6.93,CA,1603327057
544,gubkinskiy,64.43,76.5,17.65,97,2,8.3,RU,1603327106
545,belaya gora,68.53,146.42,9.27,94,91,0.87,RU,1603327106
546,rock sound,24.9,-76.2,81.3,71,100,19.28,BS,1603327106
547,coahuayana,18.73,-103.68,78.8,83,75,5.82,MX,1603326923
548,broken hill,-31.95,141.43,80.6,22,0,13.87,AU,1603327107
549,milkovo,54.72,158.62,38.93,67,23,1.25,RU,1603327107
550,coihaique,-45.58,-72.07,51.8,78,0,8.05,CL,1603326936
551,mastic beach,40.77,-72.85,64.4,93,90,6.93,US,1603326950
552,boyuibe,-20.42,-63.28,71.78,66,100,2.19,BO,1603327108
553,boundiali,9.52,-6.49,72.73,82,34,1.86,CI,1603327108
554,tam ky,15.57,108.48,75.2,78,75,1.12,VN,1603327108
555,porto santo,33.07,-16.34,64.4,68,40,13.87,PT,1603327108
556,tonantins,-2.87,-67.8,74.5,97,13,2.98,BR,1603327108
557,cluj-napoca,46.77,23.6,35.6,100,100,2.24,RO,1603327109
558,carauari,-4.88,-66.9,77.52,79,32,1.77,BR,1603327109
559,kaili,-3.46,120.21,79.61,63,21,3.53,ID,1603327109
560,cam ranh,11.92,109.16,80.6,83,40,4.7,VN,1603326935
561,senador jose porfirio,-2.59,-51.95,80.83,71,49,5.57,BR,1603327109
562,aksu,41.12,80.26,43.12,53,0,0.38,CN,1603326915
563,medgidia,44.25,28.28,48.2,93,0,6.93,RO,1603327110
564,carballo,43.21,-8.69,55.99,93,50,6.93,ES,1603327110
565,abu samrah,35.3,37.18,62.49,88,0,6.2,SY,1603327110
566,lieksa,63.32,30.02,36.1,96,100,17.09,FI,1603327110
567,funadhoo,6.15,73.27,81.57,78,97,9.8,MV,1603327111
568,pontes e lacerda,-15.23,-59.34,77.54,68,1,1.7,BR,1603327111
569,presidencia roque saenz pena,-26.79,-60.44,79.66,56,1,1.66,AR,1603327111
570,tapes,-30.67,-51.4,64.76,89,100,16.96,BR,1603327111
571,cassia,-20.58,-46.92,68.74,85,39,2.86,BR,1603327112
572,khovu-aksy,51.13,93.6,27.93,88,49,6.82,RU,1603326888
573,enshi,30.3,109.48,59.74,61,0,0.47,CN,1603327112
574,noboribetsu,42.45,141.17,64.99,77,75,18.34,JP,1603327112
576,marbella,36.52,-4.89,62.6,88,20,3.36,ES,1603327113
577,great bend,38.36,-98.76,51.8,93,90,4.7,US,1603327113
578,rawson,-43.3,-65.1,58.82,35,51,20.49,AR,1603327113
579,gorontalo,0.54,123.06,87.46,50,58,2.68,ID,1603327113
580,dodola,6.98,39.18,49.08,86,42,1.68,ET,1603327114
